Name,Phone
Murtaza Hassan,"+ (00) 123-45-67"
Name,Phone
Ali Mostafa Amin,(+20)01552652525
Name,Phone
Murtaza Hassan,"+ (00) 123-45-67"
Name,Phone
Murtaza Hassan,"+ (00) 123-45-67"
Name,Phone
Ali Mostafa Amin,(+20)01552652525
Name,Phone
Ali Mostafa Amin,(+20)01552652525
Name,Phone
Ali Mostafa Amin,(+20)01552652525
Name,Phone
Murtaza Hassan,"+ (00) 123-45-67"
Name,Phone
Murtaza Hassan,"+ (00) 123-45-67"
Name,Phone
Murtaza Hassan,"+ (00) 123-45-67"
Name,Phone
Ali Mostafa Amin,(+20)01552652525
Name,Phone
Ali Mostafa Amin,(+20)01552652525
Name,Phone
Ali Mostafa Amin,(+20)01552652525
Name,Phone
Ali Mostafa Amin,(+20)01552652525
Name,Phone
Ali Mostafa Amin,(+20)01552652525
Name,Phone
Murtaza Hassan,"+ (00) 123-45-67

 "
Name,Phone
Murtaza Hassan,"+ (00) 123-45-67

 "
Name,Phone
Murtaza Hassan,"+ (00) 123-45-67

 "
Name,Phone
Ali Mostafa Amin,(+20)01552652525
Name,Phone
Murtaza Hassan,"+ (00) 123-45-67

 "
Name,Phone
Murtaza Hassan,"+ (00) 123-45-67

 "
Name,Phone
Ali Mostafa Amin,(+20)01552652525
Name,Phone
Ali Mostafa Amin,(+20)01552652525
Name,Phone
Murtaza Hassan,"+ (00) 123-45-67

 "
